<?xml version="1.0" encoding="utf-8"?>
<!--/2250177/1292800/2.50/4/4/Switch/-->
<quadcept_library>
  <setting unit="mil" />
  <textstyle name="Default" height="47.244094488189" strokewidth="7.8740157480315" charwidth="47.244094488189" />
  <textstyle name="Dimension" height="19.6850393700787" strokewidth="0" charwidth="19.6850393700787" />
  <textstyle name="H127W0635TH00762" height="50" strokewidth="3" charwidth="25" />
  <textstyle name="H15W15TH02" height="59.0551181102362" strokewidth="7.8740157480315" charwidth="59.0551181102362" />
  <padstyle name="r100_70" surface="True" plated="False" isvia="False" nopaste="False" nomask="True" complex="False" holesize="0">
    <padshape layer="TOP" shape="rectangle" width="27.55905511811" height="39.370078740157" />
    <padshape layer="TOP_SOLDER_MASK" shape="rectangle" width="35.433070866141" height="47.244094488188" />
    <padshape layer="TOP_SOLDER_PASTE" shape="rectangle" width="27.55905511811" height="39.370078740157" />
  </padstyle>
  <footprint name="PTS526SM15SMTR2LFS" originx="0" originy="0" pickpointx="0" pickpointy="0">
    <pcbpin number="1" name="1" style="r100_70" originx="-118.11023622047" originy="72.83464566929" rotation="90" />
    <pcbpin number="2" name="2" style="r100_70" originx="118.11023622047" originy="72.83464566929" rotation="90" />
    <pcbpin number="3" name="3" style="r100_70" originx="-118.11023622047" originy="-72.83464566929" rotation="90" />
    <pcbpin number="4" name="4" style="r100_70" originx="118.11023622047" originy="-72.83464566929" rotation="90" />
    <line layer="TOP_ASSEMBLY" originx="-102.36220472441" originy="102.36220472441" endx="102.36220472441" endy="102.36220472441" width="7.8740157480314" />
    <line layer="TOP_ASSEMBLY" originx="102.36220472441" originy="102.36220472441" endx="102.36220472441" endy="-102.36220472441" width="7.8740157480314" />
    <line layer="TOP_ASSEMBLY" originx="102.36220472441" originy="-102.36220472441" endx="-102.36220472441" endy="-102.36220472441" width="7.8740157480314" />
    <line layer="TOP_ASSEMBLY" originx="-102.36220472441" originy="-102.36220472441" endx="-102.36220472441" endy="102.36220472441" width="7.8740157480314" />
    <line layer="TOP_PLACE_BOUND" originx="-157.48031496063" originy="129.92125984252" endx="157.48031496063" endy="129.92125984252" width="3.9370078740157" />
    <line layer="TOP_PLACE_BOUND" originx="157.48031496063" originy="129.92125984252" endx="157.48031496063" endy="-122.04724409449" width="3.9370078740157" />
    <line layer="TOP_PLACE_BOUND" originx="157.48031496063" originy="-122.04724409449" endx="-157.48031496063" endy="-122.04724409449" width="3.9370078740157" />
    <line layer="TOP_PLACE_BOUND" originx="-157.48031496063" originy="-122.04724409449" endx="-157.48031496063" endy="129.92125984252" width="3.9370078740157" />
    <line layer="TOP_SILKSCREEN" originx="-125.9842519685" originy="110.23622047244" endx="-125.9842519685" endy="110.23622047244" width="7.8740157480314" />
    <arc layer="TOP_SILKSCREEN" originx="-125.9842519685" originy="106.29921259842" startangle="90.0" sweepangle="180.0" radius="3.9370078740157" width="7.8740157480314" />
    <line layer="TOP_SILKSCREEN" originx="-125.9842519685" originy="102.36220472441" endx="-125.9842519685" endy="102.36220472441" width="7.8740157480314" />
    <arc layer="TOP_SILKSCREEN" originx="-125.9842519685" originy="106.29921259842" startangle="-90.0" sweepangle="180.0" radius="3.9370078740157" width="7.8740157480314" />
    <line layer="TOP_SILKSCREEN" originx="-59.055118110235" originy="102.36220472441" endx="59.055118110235" endy="102.36220472441" width="3.9370078740157" />
    <line layer="TOP_SILKSCREEN" originx="-59.055118110235" originy="-102.36220472441" endx="59.055118110235" endy="-102.36220472441" width="3.9370078740157" />
    <line layer="TOP_SILKSCREEN" originx="-102.36220472441" originy="19.685039370078" endx="-102.36220472441" endy="-19.685039370078" width="3.9370078740157" />
    <line layer="TOP_SILKSCREEN" originx="102.36220472441" originy="19.685039370078" endx="102.36220472441" endy="-19.685039370078" width="3.9370078740157" />
  </footprint>
  <symbol name="PTS526_SM15_SMTR2_LFS" originx="0" originy="0">
    <line originx="200" originy="100" endx="1000" endy="100" width="0" />
    <line originx="1000" originy="-200" endx="1000" endy="100" width="0" />
    <line originx="1000" originy="-200" endx="200" endy="-200" width="0" />
    <line originx="200" originy="100" endx="200" endy="-200" width="0" />
    <sympin number="1" originx="200" originy="0" rotation="180" length="100" width="7.8740157480315" flipped="False">
      <text name="pinname" originx="230" originy="0" style="Default" rotation="0" justify="left" flipped="False" hidden="False" data="COM_1" />
      <text name="pindes" originx="140" originy="20" style="Default" rotation="0" justify="lowerright" flipped="False" hidden="False" data="1" />
    </sympin>
    <sympin number="2" originx="1000" originy="0" rotation="0" length="100" width="7.8740157480315" flipped="False">
      <text name="pinname" originx="970" originy="0" style="Default" rotation="0" justify="right" flipped="False" hidden="False" data="COM_2" />
      <text name="pindes" originx="1060" originy="20" style="Default" rotation="0" justify="lowerleft" flipped="False" hidden="False" data="2" />
    </sympin>
    <sympin number="3" originx="200" originy="-100" rotation="180" length="100" width="7.8740157480315" flipped="False">
      <text name="pinname" originx="230" originy="-100" style="Default" rotation="0" justify="left" flipped="False" hidden="False" data="NO_1" />
      <text name="pindes" originx="140" originy="-80" style="Default" rotation="0" justify="lowerright" flipped="False" hidden="False" data="3" />
    </sympin>
    <sympin number="4" originx="1000" originy="-100" rotation="0" length="100" width="7.8740157480315" flipped="False">
      <text name="pinname" originx="970" originy="-100" style="Default" rotation="0" justify="right" flipped="False" hidden="False" data="NO_2" />
      <text name="pindes" originx="1060" originy="-80" style="Default" rotation="0" justify="lowerleft" flipped="False" hidden="False" data="4" />
    </sympin>
  </symbol>
  <component name="PTS526_SM15_SMTR2_LFS" designatorprefix="S" height="59.055118110235" footprint="PTS526SM15SMTR2LFS">
    <comppin designator="1" sympin="1" pinswap="0" gateswap="0" gate="1" group="1" side="" type="Any" name="COM_1" />
    <comppin designator="2" sympin="2" pinswap="0" gateswap="0" gate="1" group="1" side="" type="Any" name="COM_2" />
    <comppin designator="3" sympin="3" pinswap="0" gateswap="0" gate="1" group="1" side="" type="Any" name="NO_1" />
    <comppin designator="4" sympin="4" pinswap="0" gateswap="0" gate="1" group="1" side="" type="Any" name="NO_2" />
    <attached_symbol gate="1" name="PTS526_SM15_SMTR2_LFS" />
    <pinmap designator="1" footprintpin="1" />
    <pinmap designator="2" footprintpin="2" />
    <pinmap designator="3" footprintpin="3" />
    <pinmap designator="4" footprintpin="4" />
    <text name="Datasheet" originx="0" originy="0" style="Default" rotation="0" justify="" flipped="False" hidden="True" data="" />
    <text name="Description" originx="0" originy="0" style="Default" rotation="0" justify="" flipped="False" hidden="True" data="Tactile Switches 50mA 12VDC, 5.2x5.2mm, 1.5mm H, 160gf, G leads, No ground pin, metal actuator" />
    <text name="Mouser Part Number" originx="0" originy="0" style="Default" rotation="0" justify="" flipped="False" hidden="True" data="611-PTS526SM15SMTR2L" />
    <text name="Mouser Price/Stock" originx="0" originy="0" style="Default" rotation="0" justify="" flipped="False" hidden="True" data="https://www.mouser.co.uk/ProductDetail/CK/PTS526-SM15-SMTR2-LFS?qs=UXgszm6BlbENivbslIA%252B5g%3D%3D" />
    <text name="Manufacturer_Name" originx="0" originy="0" style="Default" rotation="0" justify="" flipped="False" hidden="True" data="C & K COMPONENTS" />
    <text name="Manufacturer_Part_Number" originx="1050" originy="200" style="Default" rotation="0" justify="left" flipped="False" hidden="False" data="PTS526 SM15 SMTR2 LFS" />
  </component>
</quadcept_library>
